region_id,district_id,community_id,index,hhid,region,community,sex,age,treatment,treatment_type
1,11,111,1,111H01,Region 1,Community 111,1,32,0,0
1,11,111,2,111H02,Region 1,Community 111,2,47,1,3
1,11,111,3,111H03,Region 1,Community 111,1,34,0,0
1,11,111,4,111H04,Region 1,Community 111,2,40,1,2
1,11,111,5,111H05,Region 1,Community 111,1,33,0,0
1,11,111,6,111H06,Region 1,Community 111,1,22,0,0
1,11,111,7,111H07,Region 1,Community 111,1,33,1,2
1,11,111,8,111H08,Region 1,Community 111,2,35,0,0
1,11,111,9,111H09,Region 1,Community 111,1,28,0,0
1,11,111,10,111H10,Region 1,Community 111,1,24,1,2
1,11,111,11,111H11,Region 1,Community 111,2,25,1,2
1,11,112,1,112H01,Region 1,Community 112,1,37,1,1
1,11,112,2,112H02,Region 1,Community 112,2,33,1,2
1,11,112,3,112H03,Region 1,Community 112,2,21,0,0
1,11,112,4,112H04,Region 1,Community 112,1,44,0,0
1,11,112,5,112H05,Region 1,Community 112,2,29,1,2
1,11,112,6,112H06,Region 1,Community 112,1,40,1,3
1,11,112,7,112H07,Region 1,Community 112,2,40,1,2
1,11,112,8,112H08,Region 1,Community 112,1,28,0,0
1,11,112,9,112H09,Region 1,Community 112,1,33,1,1
1,11,112,10,112H10,Region 1,Community 112,1,36,0,0
1,11,112,11,112H11,Region 1,Community 112,2,47,0,0
1,11,113,1,113H01,Region 1,Community 113,1,37,0,0
1,11,113,2,113H02,Region 1,Community 113,2,48,1,2
1,11,113,3,113H03,Region 1,Community 113,2,23,1,3
1,11,113,4,113H04,Region 1,Community 113,1,36,1,2
1,11,113,5,113H05,Region 1,Community 113,1,46,1,3
1,11,113,6,113H06,Region 1,Community 113,2,27,1,3
1,11,113,7,113H07,Region 1,Community 113,1,35,0,0
1,11,113,8,113H08,Region 1,Community 113,1,24,0,0
1,11,113,9,113H09,Region 1,Community 113,1,45,1,2
1,11,113,10,113H10,Region 1,Community 113,2,29,1,1
1,11,113,11,113H11,Region 1,Community 113,2,45,1,1
1,11,113,12,113H12,Region 1,Community 113,1,37,1,3
1,11,114,1,114H01,Region 1,Community 114,1,45,1,2
1,11,114,2,114H02,Region 1,Community 114,1,45,1,3
1,11,114,3,114H03,Region 1,Community 114,1,22,0,0
1,11,114,4,114H04,Region 1,Community 114,1,33,1,2
1,11,114,5,114H05,Region 1,Community 114,1,27,0,0
1,11,115,1,115H01,Region 1,Community 115,2,43,0,0
1,11,115,2,115H02,Region 1,Community 115,1,22,0,0
1,11,115,3,115H03,Region 1,Community 115,2,41,1,1
1,11,115,4,115H04,Region 1,Community 115,2,21,1,3
1,11,115,5,115H05,Region 1,Community 115,2,45,0,0
1,11,115,6,115H06,Region 1,Community 115,2,40,0,0
1,11,115,7,115H07,Region 1,Community 115,1,33,1,1
1,11,115,8,115H08,Region 1,Community 115,2,45,1,1
1,11,115,9,115H09,Region 1,Community 115,2,47,1,2
1,11,115,10,115H10,Region 1,Community 115,1,35,0,0
1,11,115,11,115H11,Region 1,Community 115,2,47,0,0
1,11,115,12,115H12,Region 1,Community 115,2,42,0,0
1,11,116,1,116H01,Region 1,Community 116,2,38,1,3
1,11,116,2,116H02,Region 1,Community 116,1,29,0,0
1,11,116,3,116H03,Region 1,Community 116,2,21,0,0
1,11,116,4,116H04,Region 1,Community 116,1,34,0,0
1,11,116,5,116H05,Region 1,Community 116,1,29,0,0
1,11,116,6,116H06,Region 1,Community 116,1,21,1,3
1,11,116,7,116H07,Region 1,Community 116,1,23,0,0
1,11,116,8,116H08,Region 1,Community 116,1,22,1,2
1,11,116,9,116H09,Region 1,Community 116,2,40,1,2
1,11,116,10,116H10,Region 1,Community 116,1,48,1,2
1,11,116,11,116H11,Region 1,Community 116,2,38,1,2
1,11,116,12,116H12,Region 1,Community 116,2,43,1,2
1,11,117,1,117H01,Region 1,Community 117,2,34,0,0
1,11,117,2,117H02,Region 1,Community 117,1,20,0,0
1,11,117,3,117H03,Region 1,Community 117,1,43,0,0
1,11,117,4,117H04,Region 1,Community 117,1,35,0,0
1,11,117,5,117H05,Region 1,Community 117,1,29,1,3
1,11,117,6,117H06,Region 1,Community 117,1,44,1,1
1,11,117,7,117H07,Region 1,Community 117,2,27,1,3
1,11,117,8,117H08,Region 1,Community 117,2,29,1,2
1,11,117,9,117H09,Region 1,Community 117,1,48,0,0
1,11,117,10,117H10,Region 1,Community 117,1,46,0,0
1,11,118,1,118H01,Region 1,Community 118,1,23,1,2
1,11,118,2,118H02,Region 1,Community 118,1,43,0,0
1,11,118,3,118H03,Region 1,Community 118,1,28,1,2
1,11,118,4,118H04,Region 1,Community 118,1,46,1,3
1,11,118,5,118H05,Region 1,Community 118,2,31,1,1
1,11,118,6,118H06,Region 1,Community 118,1,21,1,2
1,11,118,7,118H07,Region 1,Community 118,2,44,0,0
1,11,118,8,118H08,Region 1,Community 118,1,48,1,2
1,11,119,1,119H01,Region 1,Community 119,1,23,1,1
1,11,119,2,119H02,Region 1,Community 119,1,34,1,3
1,11,119,3,119H03,Region 1,Community 119,2,44,1,2
1,11,119,4,119H04,Region 1,Community 119,2,34,0,0
1,11,119,5,119H05,Region 1,Community 119,1,31,0,0
1,11,119,6,119H06,Region 1,Community 119,1,32,0,0
1,11,119,7,119H07,Region 1,Community 119,2,31,1,3
1,11,119,8,119H08,Region 1,Community 119,1,26,0,0
1,11,119,9,119H09,Region 1,Community 119,2,33,0,0
1,11,119,10,119H10,Region 1,Community 119,2,30,1,3
1,11,119,11,119H11,Region 1,Community 119,1,31,1,2
1,12,121,1,121H01,Region 1,Community 121,1,26,1,2
1,12,121,2,121H02,Region 1,Community 121,1,29,0,0
1,12,121,3,121H03,Region 1,Community 121,2,27,0,0
1,12,121,4,121H04,Region 1,Community 121,1,37,1,2
1,12,121,5,121H05,Region 1,Community 121,1,36,0,0
1,12,121,6,121H06,Region 1,Community 121,1,41,0,0
1,12,121,7,121H07,Region 1,Community 121,2,29,1,1
1,12,121,8,121H08,Region 1,Community 121,1,22,0,0
1,12,121,9,121H09,Region 1,Community 121,2,45,1,1
1,12,121,10,121H10,Region 1,Community 121,1,21,1,1
1,12,121,11,121H11,Region 1,Community 121,2,42,1,2
1,12,121,12,121H12,Region 1,Community 121,1,48,1,3
1,12,121,13,121H13,Region 1,Community 121,2,34,0,0
1,12,122,1,122H01,Region 1,Community 122,1,20,0,0
1,12,122,2,122H02,Region 1,Community 122,2,19,0,0
1,12,122,3,122H03,Region 1,Community 122,1,24,1,2
1,12,122,4,122H04,Region 1,Community 122,2,22,0,0
1,12,122,5,122H05,Region 1,Community 122,1,24,0,0
1,12,122,6,122H06,Region 1,Community 122,1,21,1,2
1,12,122,7,122H07,Region 1,Community 122,2,25,0,0
1,12,122,8,122H08,Region 1,Community 122,2,30,1,2
1,12,122,9,122H09,Region 1,Community 122,1,37,1,1
1,12,122,10,122H10,Region 1,Community 122,2,46,1,1
1,12,122,11,122H11,Region 1,Community 122,2,36,0,0
1,12,122,12,122H12,Region 1,Community 122,2,31,1,1
1,12,122,13,122H13,Region 1,Community 122,1,21,1,3
1,12,122,14,122H14,Region 1,Community 122,1,21,1,2
1,12,122,15,122H15,Region 1,Community 122,2,25,1,2
1,12,122,16,122H16,Region 1,Community 122,2,38,0,0
1,12,123,1,123H01,Region 1,Community 123,2,43,1,1
1,12,123,2,123H02,Region 1,Community 123,1,18,1,2
1,12,123,3,123H03,Region 1,Community 123,2,25,0,0
1,12,123,4,123H04,Region 1,Community 123,1,22,0,0
1,12,123,5,123H05,Region 1,Community 123,1,23,0,0
1,12,123,6,123H06,Region 1,Community 123,2,24,1,2
1,12,123,7,123H07,Region 1,Community 123,1,20,0,0
1,12,123,8,123H08,Region 1,Community 123,2,44,0,0
1,12,123,9,123H09,Region 1,Community 123,1,25,1,3
1,12,123,10,123H10,Region 1,Community 123,2,27,1,1
1,12,123,11,123H11,Region 1,Community 123,1,22,1,1
1,12,123,12,123H12,Region 1,Community 123,1,32,1,1
1,12,124,1,124H01,Region 1,Community 124,1,40,1,2
1,12,124,2,124H02,Region 1,Community 124,2,21,1,3
1,12,124,3,124H03,Region 1,Community 124,2,44,1,2
1,12,124,4,124H04,Region 1,Community 124,2,39,1,1
1,12,124,5,124H05,Region 1,Community 124,1,32,0,0
1,12,124,6,124H06,Region 1,Community 124,2,37,0,0
1,12,124,7,124H07,Region 1,Community 124,1,28,0,0
1,12,124,8,124H08,Region 1,Community 124,2,42,1,2
1,12,124,9,124H09,Region 1,Community 124,2,30,1,3
1,12,125,1,125H01,Region 1,Community 125,1,31,0,0
1,12,125,2,125H02,Region 1,Community 125,1,45,1,3
1,12,125,3,125H03,Region 1,Community 125,2,29,1,2
1,12,125,4,125H04,Region 1,Community 125,2,45,0,0
1,12,125,5,125H05,Region 1,Community 125,2,40,0,0
1,12,125,6,125H06,Region 1,Community 125,2,39,0,0
1,12,125,7,125H07,Region 1,Community 125,2,41,1,2
1,12,125,8,125H08,Region 1,Community 125,2,46,1,1
1,12,125,9,125H09,Region 1,Community 125,1,35,0,0
1,12,125,10,125H10,Region 1,Community 125,1,26,1,2
1,12,125,11,125H11,Region 1,Community 125,2,25,1,1
1,12,126,1,126H01,Region 1,Community 126,1,44,1,3
1,12,126,2,126H02,Region 1,Community 126,2,20,0,0
1,12,126,3,126H03,Region 1,Community 126,2,40,0,0
1,12,126,4,126H04,Region 1,Community 126,2,37,0,0
1,12,126,5,126H05,Region 1,Community 126,1,19,1,3
1,12,126,6,126H06,Region 1,Community 126,2,43,1,1
1,12,126,7,126H07,Region 1,Community 126,1,32,0,0
1,12,126,8,126H08,Region 1,Community 126,1,35,0,0
1,12,126,9,126H09,Region 1,Community 126,2,23,1,3
1,12,126,10,126H10,Region 1,Community 126,2,41,1,1
1,12,126,11,126H11,Region 1,Community 126,2,19,0,0
1,12,126,12,126H12,Region 1,Community 126,1,27,0,0
1,12,126,13,126H13,Region 1,Community 126,1,46,1,2
1,12,127,1,127H01,Region 1,Community 127,2,42,0,0
1,12,127,2,127H02,Region 1,Community 127,1,29,1,3
1,12,127,3,127H03,Region 1,Community 127,2,38,0,0
1,12,127,4,127H04,Region 1,Community 127,2,38,0,0
1,12,127,5,127H05,Region 1,Community 127,2,32,1,3
1,12,127,6,127H06,Region 1,Community 127,1,30,0,0
1,12,127,7,127H07,Region 1,Community 127,1,28,1,2
1,12,127,8,127H08,Region 1,Community 127,2,47,1,1
1,12,127,9,127H09,Region 1,Community 127,2,24,0,0
1,12,127,10,127H10,Region 1,Community 127,2,30,1,2
1,12,128,1,128H01,Region 1,Community 128,1,39,1,3
1,12,128,2,128H02,Region 1,Community 128,2,29,1,3
1,12,128,3,128H03,Region 1,Community 128,1,44,1,1
1,12,128,4,128H04,Region 1,Community 128,2,37,1,1
1,12,128,5,128H05,Region 1,Community 128,1,19,0,0
1,12,128,6,128H06,Region 1,Community 128,1,28,0,0
1,12,128,7,128H07,Region 1,Community 128,1,34,1,1
1,12,128,8,128H08,Region 1,Community 128,1,24,1,1
1,12,128,9,128H09,Region 1,Community 128,1,42,0,0
1,12,128,10,128H10,Region 1,Community 128,2,31,1,3
1,12,128,11,128H11,Region 1,Community 128,1,29,0,0
1,12,129,1,129H01,Region 1,Community 129,1,22,1,2
1,12,129,2,129H02,Region 1,Community 129,2,28,0,0
1,12,129,3,129H03,Region 1,Community 129,2,26,1,3
1,12,129,4,129H04,Region 1,Community 129,2,21,0,0
1,12,129,5,129H05,Region 1,Community 129,2,37,0,0
1,12,129,6,129H06,Region 1,Community 129,2,22,1,2
1,12,129,7,129H07,Region 1,Community 129,2,22,0,0
1,12,129,8,129H08,Region 1,Community 129,2,18,0,0
1,12,129,9,129H09,Region 1,Community 129,2,19,1,1
1,13,131,1,131H01,Region 1,Community 131,1,19,1,2
1,13,131,2,131H02,Region 1,Community 131,1,47,1,3
1,13,131,3,131H03,Region 1,Community 131,1,32,0,0
1,13,131,4,131H04,Region 1,Community 131,1,26,0,0
1,13,131,5,131H05,Region 1,Community 131,2,45,0,0
1,13,131,6,131H06,Region 1,Community 131,1,44,0,0
1,13,131,7,131H07,Region 1,Community 131,2,23,1,3
1,13,131,8,131H08,Region 1,Community 131,1,20,0,0
1,13,131,9,131H09,Region 1,Community 131,1,38,1,3
1,13,131,10,131H10,Region 1,Community 131,1,42,1,1
1,13,132,1,132H01,Region 1,Community 132,1,48,0,0
1,13,132,2,132H02,Region 1,Community 132,1,48,0,0
1,13,132,3,132H03,Region 1,Community 132,1,32,1,3
1,13,132,4,132H04,Region 1,Community 132,1,32,1,1
1,13,132,5,132H05,Region 1,Community 132,2,31,0,0
1,13,132,6,132H06,Region 1,Community 132,1,38,0,0
1,13,132,7,132H07,Region 1,Community 132,1,25,1,2
1,13,132,8,132H08,Region 1,Community 132,2,43,1,3
1,13,132,9,132H09,Region 1,Community 132,1,38,1,3
1,13,132,10,132H10,Region 1,Community 132,1,26,0,0
1,13,132,11,132H11,Region 1,Community 132,2,30,1,2
1,13,132,12,132H12,Region 1,Community 132,1,18,0,0
1,13,132,13,132H13,Region 1,Community 132,1,28,0,0
1,13,133,1,133H01,Region 1,Community 133,2,40,0,0
1,13,133,2,133H02,Region 1,Community 133,2,37,1,1
1,13,133,3,133H03,Region 1,Community 133,2,40,1,2
1,13,133,4,133H04,Region 1,Community 133,2,26,1,2
1,13,133,5,133H05,Region 1,Community 133,1,20,1,2
1,13,133,6,133H06,Region 1,Community 133,2,48,1,2
1,13,133,7,133H07,Region 1,Community 133,2,43,1,2
1,13,133,8,133H08,Region 1,Community 133,2,20,1,3
1,13,133,9,133H09,Region 1,Community 133,1,18,1,3
1,13,133,10,133H10,Region 1,Community 133,2,30,1,3
1,13,133,11,133H11,Region 1,Community 133,2,26,0,0
1,13,133,12,133H12,Region 1,Community 133,2,18,1,1
1,13,133,13,133H13,Region 1,Community 133,2,37,0,0
1,13,133,14,133H14,Region 1,Community 133,2,26,0,0
1,13,133,15,133H15,Region 1,Community 133,2,19,0,0
1,13,133,16,133H16,Region 1,Community 133,2,19,0,0
1,13,134,1,134H01,Region 1,Community 134,2,27,0,0
1,13,134,2,134H02,Region 1,Community 134,1,34,1,2
1,13,134,3,134H03,Region 1,Community 134,1,39,1,1
1,13,134,4,134H04,Region 1,Community 134,1,48,0,0
1,13,134,5,134H05,Region 1,Community 134,2,28,0,0
1,13,134,6,134H06,Region 1,Community 134,1,36,1,1
1,13,134,7,134H07,Region 1,Community 134,2,39,1,1
1,13,134,8,134H08,Region 1,Community 134,1,25,1,2
1,13,134,9,134H09,Region 1,Community 134,2,36,1,2
1,13,134,10,134H10,Region 1,Community 134,1,21,0,0
1,13,134,11,134H11,Region 1,Community 134,1,31,0,0
1,13,135,1,135H01,Region 1,Community 135,1,19,1,1
1,13,135,2,135H02,Region 1,Community 135,1,21,1,3
1,13,135,3,135H03,Region 1,Community 135,2,36,1,2
1,13,135,4,135H04,Region 1,Community 135,2,34,1,2
1,13,135,5,135H05,Region 1,Community 135,2,40,0,0
1,13,135,6,135H06,Region 1,Community 135,1,33,0,0
1,13,135,7,135H07,Region 1,Community 135,2,48,0,0
1,13,135,8,135H08,Region 1,Community 135,2,41,1,2
1,13,135,9,135H09,Region 1,Community 135,2,37,1,3
1,13,135,10,135H10,Region 1,Community 135,1,29,1,2
1,13,135,11,135H11,Region 1,Community 135,2,35,1,3
1,13,136,1,136H01,Region 1,Community 136,2,35,0,0
1,13,136,2,136H02,Region 1,Community 136,2,22,1,3
1,13,136,3,136H03,Region 1,Community 136,1,20,0,0
1,13,136,4,136H04,Region 1,Community 136,2,45,1,2
1,13,136,5,136H05,Region 1,Community 136,2,20,0,0
1,13,136,6,136H06,Region 1,Community 136,1,34,1,1
1,13,136,7,136H07,Region 1,Community 136,1,41,1,1
1,13,136,8,136H08,Region 1,Community 136,2,39,1,2
1,13,136,9,136H09,Region 1,Community 136,1,29,0,0
1,13,136,10,136H10,Region 1,Community 136,2,37,1,3
1,13,136,11,136H11,Region 1,Community 136,2,33,0,0
1,13,137,1,137H01,Region 1,Community 137,1,36,0,0
1,13,137,2,137H02,Region 1,Community 137,1,40,0,0
1,13,137,3,137H03,Region 1,Community 137,2,46,1,2
1,13,137,4,137H04,Region 1,Community 137,1,40,1,2
1,13,137,5,137H05,Region 1,Community 137,1,37,1,1
1,13,137,6,137H06,Region 1,Community 137,1,19,1,1
1,13,137,7,137H07,Region 1,Community 137,2,25,1,1
1,13,137,8,137H08,Region 1,Community 137,2,44,1,2
1,13,137,9,137H09,Region 1,Community 137,2,27,1,3
1,13,137,10,137H10,Region 1,Community 137,2,40,0,0
1,13,137,11,137H11,Region 1,Community 137,1,40,1,3
1,13,138,1,138H01,Region 1,Community 138,2,39,1,3
1,13,138,2,138H02,Region 1,Community 138,2,29,0,0
1,13,138,3,138H03,Region 1,Community 138,2,28,1,3
1,13,138,4,138H04,Region 1,Community 138,2,32,1,1
1,13,138,5,138H05,Region 1,Community 138,2,43,1,2
1,13,138,6,138H06,Region 1,Community 138,2,41,0,0
1,13,138,7,138H07,Region 1,Community 138,2,41,0,0
1,13,138,8,138H08,Region 1,Community 138,1,38,0,0
1,13,138,9,138H09,Region 1,Community 138,2,36,1,3
1,13,138,10,138H10,Region 1,Community 138,1,35,0,0
1,13,138,11,138H11,Region 1,Community 138,1,48,1,3
1,13,138,12,138H12,Region 1,Community 138,1,27,0,0
1,13,138,13,138H13,Region 1,Community 138,1,46,1,3
1,13,138,14,138H14,Region 1,Community 138,2,27,1,1
1,13,138,15,138H15,Region 1,Community 138,1,28,0,0
1,13,138,16,138H16,Region 1,Community 138,2,39,0,0
1,13,138,17,138H17,Region 1,Community 138,2,45,0,0
1,13,139,1,139H01,Region 1,Community 139,2,31,0,0
1,13,139,2,139H02,Region 1,Community 139,2,45,0,0
1,13,139,3,139H03,Region 1,Community 139,2,22,1,3
1,13,139,4,139H04,Region 1,Community 139,1,38,1,1
1,13,139,5,139H05,Region 1,Community 139,1,40,1,1
1,13,139,6,139H06,Region 1,Community 139,2,21,0,0
1,13,139,7,139H07,Region 1,Community 139,1,30,0,0
1,13,139,8,139H08,Region 1,Community 139,2,20,1,3
1,13,139,9,139H09,Region 1,Community 139,1,25,1,2
2,21,211,1,211H01,Region 2,Community 211,2,48,1,2
2,21,211,2,211H02,Region 2,Community 211,2,47,0,0
2,21,211,3,211H03,Region 2,Community 211,2,40,0,0
2,21,211,4,211H04,Region 2,Community 211,1,20,1,1
2,21,211,5,211H05,Region 2,Community 211,1,40,1,3
2,21,211,6,211H06,Region 2,Community 211,2,44,1,1
2,21,211,7,211H07,Region 2,Community 211,1,47,0,0
2,21,211,8,211H08,Region 2,Community 211,1,22,1,2
2,21,211,9,211H09,Region 2,Community 211,2,42,1,1
2,21,211,10,211H10,Region 2,Community 211,1,30,1,1
2,21,211,11,211H11,Region 2,Community 211,1,41,0,0
2,21,211,12,211H12,Region 2,Community 211,1,23,1,3
2,21,211,13,211H13,Region 2,Community 211,2,37,1,1
2,21,211,14,211H14,Region 2,Community 211,2,41,1,3
2,21,211,15,211H15,Region 2,Community 211,1,32,0,0
2,21,211,16,211H16,Region 2,Community 211,2,19,1,2
2,21,212,1,212H01,Region 2,Community 212,2,33,0,0
2,21,212,2,212H02,Region 2,Community 212,2,37,0,0
2,21,212,3,212H03,Region 2,Community 212,2,25,0,0
2,21,212,4,212H04,Region 2,Community 212,1,44,0,0
2,21,212,5,212H05,Region 2,Community 212,1,18,0,0
2,21,212,6,212H06,Region 2,Community 212,1,48,0,0
2,21,213,1,213H01,Region 2,Community 213,2,29,0,0
2,21,213,2,213H02,Region 2,Community 213,2,39,0,0
2,21,213,3,213H03,Region 2,Community 213,1,30,0,0
2,21,213,4,213H04,Region 2,Community 213,2,32,0,0
2,21,213,5,213H05,Region 2,Community 213,1,32,1,1
2,21,213,6,213H06,Region 2,Community 213,1,32,1,1
2,21,214,1,214H01,Region 2,Community 214,2,39,0,0
2,21,214,2,214H02,Region 2,Community 214,1,37,0,0
2,21,214,3,214H03,Region 2,Community 214,2,44,1,3
2,21,214,4,214H04,Region 2,Community 214,1,30,1,2
2,21,214,5,214H05,Region 2,Community 214,1,43,1,2
2,21,214,6,214H06,Region 2,Community 214,1,29,0,0
2,21,214,7,214H07,Region 2,Community 214,1,47,1,2
2,21,214,8,214H08,Region 2,Community 214,2,29,0,0
2,21,214,9,214H09,Region 2,Community 214,1,44,0,0
2,21,214,10,214H10,Region 2,Community 214,1,20,0,0
2,21,215,1,215H01,Region 2,Community 215,1,20,0,0
2,21,215,2,215H02,Region 2,Community 215,1,20,1,2
2,21,215,3,215H03,Region 2,Community 215,1,37,0,0
2,21,215,4,215H04,Region 2,Community 215,2,35,0,0
2,21,215,5,215H05,Region 2,Community 215,1,38,1,2
2,21,215,6,215H06,Region 2,Community 215,2,45,1,2
2,21,215,7,215H07,Region 2,Community 215,1,26,0,0
2,21,215,8,215H08,Region 2,Community 215,1,27,1,3
2,21,215,9,215H09,Region 2,Community 215,1,24,1,3
2,21,215,10,215H10,Region 2,Community 215,1,40,0,0
2,21,215,11,215H11,Region 2,Community 215,1,23,0,0
2,21,216,1,216H01,Region 2,Community 216,1,42,1,3
2,21,216,2,216H02,Region 2,Community 216,1,36,0,0
2,21,216,3,216H03,Region 2,Community 216,2,29,1,2
2,21,216,4,216H04,Region 2,Community 216,2,46,0,0
2,21,216,5,216H05,Region 2,Community 216,2,28,1,1
2,21,216,6,216H06,Region 2,Community 216,1,26,0,0
2,21,216,7,216H07,Region 2,Community 216,2,29,1,3
2,21,217,1,217H01,Region 2,Community 217,1,37,0,0
2,21,217,2,217H02,Region 2,Community 217,2,33,0,0
2,21,217,3,217H03,Region 2,Community 217,1,44,0,0
2,21,217,4,217H04,Region 2,Community 217,2,22,1,3
2,21,217,5,217H05,Region 2,Community 217,2,30,1,2
2,21,217,6,217H06,Region 2,Community 217,1,40,1,2
2,21,217,7,217H07,Region 2,Community 217,2,48,0,0
2,21,217,8,217H08,Region 2,Community 217,1,34,0,0
2,21,217,9,217H09,Region 2,Community 217,1,32,1,3
2,21,217,10,217H10,Region 2,Community 217,2,35,0,0
2,21,217,11,217H11,Region 2,Community 217,1,19,0,0
2,21,217,12,217H12,Region 2,Community 217,2,28,1,2
2,21,217,13,217H13,Region 2,Community 217,2,25,1,2
2,21,218,1,218H01,Region 2,Community 218,1,35,0,0
2,21,218,2,218H02,Region 2,Community 218,1,23,0,0
2,21,218,3,218H03,Region 2,Community 218,1,25,1,3
2,21,218,4,218H04,Region 2,Community 218,1,35,0,0
2,21,218,5,218H05,Region 2,Community 218,1,21,0,0
2,21,218,6,218H06,Region 2,Community 218,1,38,0,0
2,21,218,7,218H07,Region 2,Community 218,2,22,0,0
2,21,218,8,218H08,Region 2,Community 218,2,33,0,0
2,21,218,9,218H09,Region 2,Community 218,2,31,0,0
2,21,218,10,218H10,Region 2,Community 218,1,21,1,3
2,21,218,11,218H11,Region 2,Community 218,2,30,0,0
2,21,218,12,218H12,Region 2,Community 218,2,33,0,0
2,21,218,13,218H13,Region 2,Community 218,2,47,1,1
2,21,218,14,218H14,Region 2,Community 218,1,23,0,0
2,21,219,1,219H01,Region 2,Community 219,1,48,0,0
2,21,219,2,219H02,Region 2,Community 219,2,33,0,0
2,21,219,3,219H03,Region 2,Community 219,2,37,0,0
2,21,219,4,219H04,Region 2,Community 219,2,27,0,0
2,21,219,5,219H05,Region 2,Community 219,1,46,0,0
2,21,219,6,219H06,Region 2,Community 219,1,27,1,1
2,21,219,7,219H07,Region 2,Community 219,1,41,1,2
2,21,219,8,219H08,Region 2,Community 219,2,28,0,0
2,22,221,1,221H01,Region 2,Community 221,2,18,0,0
2,22,221,2,221H02,Region 2,Community 221,2,48,1,2
2,22,221,3,221H03,Region 2,Community 221,2,32,1,3
2,22,221,4,221H04,Region 2,Community 221,1,42,0,0
2,22,221,5,221H05,Region 2,Community 221,2,26,1,1
2,22,221,6,221H06,Region 2,Community 221,2,18,0,0
2,22,221,7,221H07,Region 2,Community 221,2,18,0,0
2,22,221,8,221H08,Region 2,Community 221,2,33,1,1
2,22,222,1,222H01,Region 2,Community 222,1,30,0,0
2,22,222,2,222H02,Region 2,Community 222,1,42,0,0
2,22,222,3,222H03,Region 2,Community 222,2,43,1,2
2,22,222,4,222H04,Region 2,Community 222,2,19,0,0
2,22,222,5,222H05,Region 2,Community 222,2,29,1,2
2,22,222,6,222H06,Region 2,Community 222,2,41,0,0
2,22,222,7,222H07,Region 2,Community 222,2,29,1,2
2,22,222,8,222H08,Region 2,Community 222,1,25,1,3
2,22,222,9,222H09,Region 2,Community 222,1,34,1,2
2,22,222,10,222H10,Region 2,Community 222,1,43,1,1
2,22,222,11,222H11,Region 2,Community 222,1,20,0,0
2,22,222,12,222H12,Region 2,Community 222,1,26,1,2
2,22,222,13,222H13,Region 2,Community 222,2,42,0,0
2,22,222,14,222H14,Region 2,Community 222,1,31,1,1
2,22,223,1,223H01,Region 2,Community 223,1,22,0,0
2,22,223,2,223H02,Region 2,Community 223,1,23,1,1
2,22,223,3,223H03,Region 2,Community 223,1,30,1,3
2,22,223,4,223H04,Region 2,Community 223,2,38,1,1
2,22,223,5,223H05,Region 2,Community 223,2,28,1,3
2,22,223,6,223H06,Region 2,Community 223,2,35,1,1
2,22,223,7,223H07,Region 2,Community 223,1,29,1,2
2,22,223,8,223H08,Region 2,Community 223,2,25,0,0
2,22,224,1,224H01,Region 2,Community 224,1,22,0,0
2,22,224,2,224H02,Region 2,Community 224,2,21,1,3
2,22,224,3,224H03,Region 2,Community 224,2,33,0,0
2,22,224,4,224H04,Region 2,Community 224,2,41,0,0
2,22,224,5,224H05,Region 2,Community 224,2,45,1,3
2,22,224,6,224H06,Region 2,Community 224,2,28,1,1
2,22,224,7,224H07,Region 2,Community 224,1,34,1,3
2,22,224,8,224H08,Region 2,Community 224,2,26,0,0
2,22,224,9,224H09,Region 2,Community 224,1,42,0,0
2,22,224,10,224H10,Region 2,Community 224,1,37,0,0
2,22,224,11,224H11,Region 2,Community 224,2,41,0,0
2,22,224,12,224H12,Region 2,Community 224,2,29,1,3
2,22,224,13,224H13,Region 2,Community 224,1,19,0,0
2,22,224,14,224H14,Region 2,Community 224,2,32,1,3
2,22,225,1,225H01,Region 2,Community 225,1,37,0,0
2,22,225,2,225H02,Region 2,Community 225,1,37,1,3
2,22,225,3,225H03,Region 2,Community 225,1,23,0,0
2,22,225,4,225H04,Region 2,Community 225,1,28,0,0
2,22,225,5,225H05,Region 2,Community 225,2,32,1,2
2,22,225,6,225H06,Region 2,Community 225,2,26,0,0
2,22,225,7,225H07,Region 2,Community 225,2,25,1,1
2,22,225,8,225H08,Region 2,Community 225,1,33,1,3
2,22,225,9,225H09,Region 2,Community 225,1,43,1,2
2,22,225,10,225H10,Region 2,Community 225,1,26,0,0
2,22,226,1,226H01,Region 2,Community 226,2,47,1,2
2,22,226,2,226H02,Region 2,Community 226,2,41,1,3
2,22,226,3,226H03,Region 2,Community 226,1,46,1,3
2,22,226,4,226H04,Region 2,Community 226,2,31,0,0
2,22,226,5,226H05,Region 2,Community 226,2,35,1,3
2,22,226,6,226H06,Region 2,Community 226,2,34,0,0
2,22,226,7,226H07,Region 2,Community 226,1,20,1,1
2,22,226,8,226H08,Region 2,Community 226,2,44,1,3
2,22,226,9,226H09,Region 2,Community 226,1,32,1,2
2,22,226,10,226H10,Region 2,Community 226,1,33,1,2
2,22,226,11,226H11,Region 2,Community 226,2,20,1,1
2,22,226,12,226H12,Region 2,Community 226,2,28,0,0
2,22,226,13,226H13,Region 2,Community 226,2,40,1,1
2,22,226,14,226H14,Region 2,Community 226,1,33,0,0
2,22,226,15,226H15,Region 2,Community 226,2,18,1,1
2,22,227,1,227H01,Region 2,Community 227,1,46,1,2
2,22,227,2,227H02,Region 2,Community 227,2,18,1,3
2,22,227,3,227H03,Region 2,Community 227,1,46,0,0
2,22,227,4,227H04,Region 2,Community 227,1,28,0,0
2,22,227,5,227H05,Region 2,Community 227,1,23,0,0
2,22,227,6,227H06,Region 2,Community 227,2,28,1,2
2,22,227,7,227H07,Region 2,Community 227,1,18,1,2
2,22,227,8,227H08,Region 2,Community 227,1,34,0,0
2,22,227,9,227H09,Region 2,Community 227,2,45,1,3
2,22,228,1,228H01,Region 2,Community 228,1,18,1,2
2,22,228,2,228H02,Region 2,Community 228,2,36,0,0
2,22,228,3,228H03,Region 2,Community 228,2,46,1,2
2,22,228,4,228H04,Region 2,Community 228,2,34,0,0
2,22,228,5,228H05,Region 2,Community 228,2,24,1,2
2,22,228,6,228H06,Region 2,Community 228,1,31,1,2
2,22,228,7,228H07,Region 2,Community 228,2,42,0,0
2,22,228,8,228H08,Region 2,Community 228,2,19,1,3
2,22,229,1,229H01,Region 2,Community 229,2,22,1,1
2,22,229,2,229H02,Region 2,Community 229,2,48,1,1
2,22,229,3,229H03,Region 2,Community 229,1,38,1,3
2,22,229,4,229H04,Region 2,Community 229,2,39,0,0
2,22,229,5,229H05,Region 2,Community 229,1,44,1,2
2,22,229,6,229H06,Region 2,Community 229,2,45,0,0
2,22,229,7,229H07,Region 2,Community 229,2,44,1,3
2,22,229,8,229H08,Region 2,Community 229,2,23,1,2
2,22,229,9,229H09,Region 2,Community 229,2,34,1,1
2,22,229,10,229H10,Region 2,Community 229,1,45,0,0
2,22,229,11,229H11,Region 2,Community 229,1,33,0,0
2,22,229,12,229H12,Region 2,Community 229,2,36,1,2
2,22,229,13,229H13,Region 2,Community 229,1,20,0,0
2,22,229,14,229H14,Region 2,Community 229,1,31,1,1
2,22,229,15,229H15,Region 2,Community 229,1,30,1,1
2,22,229,16,229H16,Region 2,Community 229,2,39,0,0
2,22,229,17,229H17,Region 2,Community 229,1,39,1,3
2,22,229,18,229H18,Region 2,Community 229,1,19,1,1
2,22,229,19,229H19,Region 2,Community 229,2,33,1,3
2,23,231,1,231H01,Region 2,Community 231,1,23,1,2
2,23,231,2,231H02,Region 2,Community 231,2,26,0,0
2,23,231,3,231H03,Region 2,Community 231,1,31,1,3
2,23,231,4,231H04,Region 2,Community 231,2,30,0,0
2,23,231,5,231H05,Region 2,Community 231,1,20,1,3
2,23,231,6,231H06,Region 2,Community 231,2,37,0,0
2,23,231,7,231H07,Region 2,Community 231,2,43,1,2
2,23,231,8,231H08,Region 2,Community 231,2,48,1,3
2,23,231,9,231H09,Region 2,Community 231,1,41,1,2
2,23,232,1,232H01,Region 2,Community 232,1,19,0,0
2,23,232,2,232H02,Region 2,Community 232,1,18,1,2
2,23,232,3,232H03,Region 2,Community 232,1,47,0,0
2,23,232,4,232H04,Region 2,Community 232,1,38,1,1
2,23,232,5,232H05,Region 2,Community 232,2,44,0,0
2,23,232,6,232H06,Region 2,Community 232,1,34,1,2
2,23,232,7,232H07,Region 2,Community 232,1,42,0,0
2,23,232,8,232H08,Region 2,Community 232,1,31,0,0
2,23,232,9,232H09,Region 2,Community 232,2,33,1,3
2,23,232,10,232H10,Region 2,Community 232,2,23,1,3
2,23,233,1,233H01,Region 2,Community 233,1,45,1,1
2,23,233,2,233H02,Region 2,Community 233,1,21,1,3
2,23,233,3,233H03,Region 2,Community 233,2,25,0,0
2,23,233,4,233H04,Region 2,Community 233,1,19,1,2
2,23,233,5,233H05,Region 2,Community 233,2,42,0,0
2,23,233,6,233H06,Region 2,Community 233,1,44,1,1
2,23,233,7,233H07,Region 2,Community 233,2,26,1,1
2,23,234,1,234H01,Region 2,Community 234,1,34,0,0
2,23,234,2,234H02,Region 2,Community 234,2,22,1,3
2,23,234,3,234H03,Region 2,Community 234,1,44,0,0
2,23,234,4,234H04,Region 2,Community 234,1,23,1,2
2,23,234,5,234H05,Region 2,Community 234,2,32,0,0
2,23,234,6,234H06,Region 2,Community 234,2,21,0,0
2,23,234,7,234H07,Region 2,Community 234,1,44,1,1
2,23,234,8,234H08,Region 2,Community 234,2,22,1,3
2,23,234,9,234H09,Region 2,Community 234,1,48,1,1
2,23,234,10,234H10,Region 2,Community 234,2,44,1,3
2,23,234,11,234H11,Region 2,Community 234,2,18,0,0
2,23,234,12,234H12,Region 2,Community 234,1,34,1,1
2,23,234,13,234H13,Region 2,Community 234,2,33,0,0
2,23,234,14,234H14,Region 2,Community 234,2,46,0,0
2,23,234,15,234H15,Region 2,Community 234,2,20,1,3
2,23,234,16,234H16,Region 2,Community 234,1,41,0,0
2,23,235,1,235H01,Region 2,Community 235,1,22,0,0
2,23,235,2,235H02,Region 2,Community 235,1,38,1,2
2,23,235,3,235H03,Region 2,Community 235,2,34,1,3
2,23,235,4,235H04,Region 2,Community 235,1,39,0,0
2,23,235,5,235H05,Region 2,Community 235,2,44,1,1
2,23,235,6,235H06,Region 2,Community 235,2,22,1,3
2,23,235,7,235H07,Region 2,Community 235,2,21,0,0
2,23,236,1,236H01,Region 2,Community 236,2,26,1,3
2,23,236,2,236H02,Region 2,Community 236,1,43,0,0
2,23,236,3,236H03,Region 2,Community 236,2,39,1,3
2,23,236,4,236H04,Region 2,Community 236,1,24,0,0
2,23,236,5,236H05,Region 2,Community 236,2,30,0,0
2,23,236,6,236H06,Region 2,Community 236,1,45,1,1
2,23,236,7,236H07,Region 2,Community 236,2,22,1,1
2,23,236,8,236H08,Region 2,Community 236,1,33,1,1
2,23,236,9,236H09,Region 2,Community 236,2,35,0,0
2,23,236,10,236H10,Region 2,Community 236,1,37,0,0
2,23,236,11,236H11,Region 2,Community 236,1,34,0,0
2,23,237,1,237H01,Region 2,Community 237,1,35,0,0
2,23,237,2,237H02,Region 2,Community 237,1,25,1,1
2,23,237,3,237H03,Region 2,Community 237,2,44,0,0
2,23,237,4,237H04,Region 2,Community 237,2,29,0,0
2,23,237,5,237H05,Region 2,Community 237,2,28,0,0
2,23,237,6,237H06,Region 2,Community 237,1,22,0,0
2,23,237,7,237H07,Region 2,Community 237,2,22,1,1
2,23,237,8,237H08,Region 2,Community 237,2,42,1,1
2,23,237,9,237H09,Region 2,Community 237,2,19,1,1
2,23,237,10,237H10,Region 2,Community 237,2,42,1,3
2,23,237,11,237H11,Region 2,Community 237,2,36,1,1
2,23,237,12,237H12,Region 2,Community 237,1,27,1,1
2,23,238,1,238H01,Region 2,Community 238,1,20,1,3
2,23,238,2,238H02,Region 2,Community 238,2,20,0,0
2,23,238,3,238H03,Region 2,Community 238,1,32,0,0
2,23,238,4,238H04,Region 2,Community 238,1,24,0,0
2,23,238,5,238H05,Region 2,Community 238,1,38,0,0
2,23,238,6,238H06,Region 2,Community 238,1,22,0,0
2,23,238,7,238H07,Region 2,Community 238,1,43,1,2
2,23,238,8,238H08,Region 2,Community 238,2,41,0,0
2,23,238,9,238H09,Region 2,Community 238,2,23,0,0
2,23,238,10,238H10,Region 2,Community 238,1,46,0,0
2,23,238,11,238H11,Region 2,Community 238,1,37,0,0
2,23,239,1,239H01,Region 2,Community 239,2,35,0,0
2,23,239,2,239H02,Region 2,Community 239,1,18,1,1
2,23,239,3,239H03,Region 2,Community 239,2,21,0,0
2,23,239,4,239H04,Region 2,Community 239,1,48,0,0
2,23,239,5,239H05,Region 2,Community 239,1,40,0,0
2,23,239,6,239H06,Region 2,Community 239,1,45,0,0
2,23,239,7,239H07,Region 2,Community 239,1,26,1,3
2,23,239,8,239H08,Region 2,Community 239,2,36,1,3
2,23,239,9,239H09,Region 2,Community 239,2,37,1,1
2,23,239,10,239H10,Region 2,Community 239,1,43,1,2
2,23,239,11,239H11,Region 2,Community 239,2,30,1,3
2,23,239,12,239H12,Region 2,Community 239,2,30,0,0
3,31,311,1,311H01,Region 3,Community 311,2,46,1,1
3,31,311,2,311H02,Region 3,Community 311,1,22,0,0
3,31,311,3,311H03,Region 3,Community 311,1,37,0,0
3,31,311,4,311H04,Region 3,Community 311,2,37,1,3
3,31,311,5,311H05,Region 3,Community 311,1,24,0,0
3,31,311,6,311H06,Region 3,Community 311,1,27,0,0
3,31,311,7,311H07,Region 3,Community 311,2,41,1,3
3,31,311,8,311H08,Region 3,Community 311,1,29,1,3
3,31,311,9,311H09,Region 3,Community 311,2,26,1,1
3,31,312,1,312H01,Region 3,Community 312,1,26,1,2
3,31,312,2,312H02,Region 3,Community 312,2,32,0,0
3,31,312,3,312H03,Region 3,Community 312,1,43,0,0
3,31,312,4,312H04,Region 3,Community 312,2,26,0,0
3,31,312,5,312H05,Region 3,Community 312,1,35,0,0
3,31,312,6,312H06,Region 3,Community 312,1,44,0,0
3,31,312,7,312H07,Region 3,Community 312,1,45,0,0
3,31,312,8,312H08,Region 3,Community 312,2,23,0,0
3,31,312,9,312H09,Region 3,Community 312,1,36,0,0
3,31,312,10,312H10,Region 3,Community 312,1,24,0,0
3,31,312,11,312H11,Region 3,Community 312,2,21,0,0
3,31,312,12,312H12,Region 3,Community 312,2,21,1,3
3,31,313,1,313H01,Region 3,Community 313,1,45,0,0
3,31,313,2,313H02,Region 3,Community 313,1,35,1,1
3,31,313,3,313H03,Region 3,Community 313,1,45,0,0
3,31,313,4,313H04,Region 3,Community 313,1,37,0,0
3,31,313,5,313H05,Region 3,Community 313,1,26,1,2
3,31,313,6,313H06,Region 3,Community 313,1,44,1,3
3,31,313,7,313H07,Region 3,Community 313,1,39,1,2
3,31,313,8,313H08,Region 3,Community 313,2,18,0,0
3,31,313,9,313H09,Region 3,Community 313,2,42,1,2
3,31,313,10,313H10,Region 3,Community 313,2,42,1,3
3,31,313,11,313H11,Region 3,Community 313,1,23,1,1
3,31,313,12,313H12,Region 3,Community 313,1,35,1,1
3,31,313,13,313H13,Region 3,Community 313,1,23,1,1
3,31,313,14,313H14,Region 3,Community 313,1,36,1,3
3,31,313,15,313H15,Region 3,Community 313,1,29,1,3
3,31,313,16,313H16,Region 3,Community 313,1,29,1,3
3,31,313,17,313H17,Region 3,Community 313,2,31,1,1
3,31,314,1,314H01,Region 3,Community 314,2,41,1,3
3,31,314,2,314H02,Region 3,Community 314,2,24,0,0
3,31,314,3,314H03,Region 3,Community 314,1,32,1,3
3,31,314,4,314H04,Region 3,Community 314,2,25,1,1
3,31,314,5,314H05,Region 3,Community 314,2,36,1,2
3,31,314,6,314H06,Region 3,Community 314,2,45,1,1
3,31,314,7,314H07,Region 3,Community 314,1,23,1,2
3,31,314,8,314H08,Region 3,Community 314,1,21,1,1
3,31,314,9,314H09,Region 3,Community 314,1,42,1,1
3,31,314,10,314H10,Region 3,Community 314,1,21,0,0
3,31,314,11,314H11,Region 3,Community 314,2,22,0,0
3,31,314,12,314H12,Region 3,Community 314,2,32,0,0
3,31,315,1,315H01,Region 3,Community 315,1,32,1,2
3,31,315,2,315H02,Region 3,Community 315,2,45,1,3
3,31,315,3,315H03,Region 3,Community 315,1,35,1,3
3,31,315,4,315H04,Region 3,Community 315,1,26,0,0
3,31,315,5,315H05,Region 3,Community 315,1,24,1,1
3,31,315,6,315H06,Region 3,Community 315,1,30,0,0
3,31,315,7,315H07,Region 3,Community 315,2,30,0,0
3,31,315,8,315H08,Region 3,Community 315,1,45,0,0
3,31,315,9,315H09,Region 3,Community 315,1,24,0,0
3,31,315,10,315H10,Region 3,Community 315,2,31,0,0
3,31,315,11,315H11,Region 3,Community 315,1,39,0,0
3,31,315,12,315H12,Region 3,Community 315,2,19,1,3
3,31,316,1,316H01,Region 3,Community 316,1,33,1,1
3,31,316,2,316H02,Region 3,Community 316,1,24,1,2
3,31,316,3,316H03,Region 3,Community 316,1,45,0,0
3,31,316,4,316H04,Region 3,Community 316,2,43,0,0
3,31,316,5,316H05,Region 3,Community 316,1,37,0,0
3,31,316,6,316H06,Region 3,Community 316,2,35,0,0
3,31,316,7,316H07,Region 3,Community 316,2,26,1,2
3,31,316,8,316H08,Region 3,Community 316,2,23,1,2
3,31,316,9,316H09,Region 3,Community 316,2,43,0,0
3,31,316,10,316H10,Region 3,Community 316,1,38,0,0
3,31,316,11,316H11,Region 3,Community 316,1,22,1,2
3,31,316,12,316H12,Region 3,Community 316,1,33,1,1
3,31,316,13,316H13,Region 3,Community 316,2,22,0,0
3,31,316,14,316H14,Region 3,Community 316,2,45,0,0
3,31,317,1,317H01,Region 3,Community 317,1,48,0,0
3,31,317,2,317H02,Region 3,Community 317,1,37,1,3
3,31,317,3,317H03,Region 3,Community 317,2,29,1,1
3,31,317,4,317H04,Region 3,Community 317,2,20,0,0
3,31,317,5,317H05,Region 3,Community 317,1,18,0,0
3,31,317,6,317H06,Region 3,Community 317,2,46,0,0
3,31,317,7,317H07,Region 3,Community 317,2,26,0,0
3,31,317,8,317H08,Region 3,Community 317,2,41,1,3
3,31,317,9,317H09,Region 3,Community 317,1,18,0,0
3,31,317,10,317H10,Region 3,Community 317,1,42,1,2
3,31,318,1,318H01,Region 3,Community 318,1,18,0,0
3,31,318,2,318H02,Region 3,Community 318,2,36,0,0
3,31,318,3,318H03,Region 3,Community 318,1,25,1,3
3,31,318,4,318H04,Region 3,Community 318,1,35,1,3
3,31,318,5,318H05,Region 3,Community 318,1,21,1,2
3,31,318,6,318H06,Region 3,Community 318,1,45,1,2
3,31,318,7,318H07,Region 3,Community 318,2,28,1,3
3,31,318,8,318H08,Region 3,Community 318,2,31,1,3
3,31,318,9,318H09,Region 3,Community 318,1,38,0,0
3,31,318,10,318H10,Region 3,Community 318,2,19,1,2
3,31,319,1,319H01,Region 3,Community 319,2,46,0,0
3,31,319,2,319H02,Region 3,Community 319,2,37,1,1
3,31,319,3,319H03,Region 3,Community 319,2,33,0,0
3,31,319,4,319H04,Region 3,Community 319,1,19,0,0
3,31,319,5,319H05,Region 3,Community 319,1,29,1,3
3,31,319,6,319H06,Region 3,Community 319,2,19,1,3
3,31,319,7,319H07,Region 3,Community 319,2,18,1,3
3,31,319,8,319H08,Region 3,Community 319,2,27,0,0
3,31,319,9,319H09,Region 3,Community 319,1,39,0,0
3,31,319,10,319H10,Region 3,Community 319,1,21,0,0
3,31,319,11,319H11,Region 3,Community 319,2,31,0,0
3,31,319,12,319H12,Region 3,Community 319,2,40,0,0
3,31,319,13,319H13,Region 3,Community 319,1,27,0,0
3,31,319,14,319H14,Region 3,Community 319,2,41,1,1
3,31,319,15,319H15,Region 3,Community 319,2,37,0,0
3,31,319,16,319H16,Region 3,Community 319,1,42,1,2
3,32,321,1,321H01,Region 3,Community 321,2,25,0,0
3,32,321,2,321H02,Region 3,Community 321,1,28,1,1
3,32,321,3,321H03,Region 3,Community 321,2,24,1,2
3,32,321,4,321H04,Region 3,Community 321,2,39,1,1
3,32,321,5,321H05,Region 3,Community 321,1,34,1,1
3,32,321,6,321H06,Region 3,Community 321,2,46,0,0
3,32,321,7,321H07,Region 3,Community 321,2,35,0,0
3,32,321,8,321H08,Region 3,Community 321,1,44,0,0
3,32,321,9,321H09,Region 3,Community 321,2,34,0,0
3,32,321,10,321H10,Region 3,Community 321,1,42,0,0
3,32,321,11,321H11,Region 3,Community 321,2,37,1,3
3,32,321,12,321H12,Region 3,Community 321,2,18,0,0
3,32,321,13,321H13,Region 3,Community 321,1,24,1,1
3,32,321,14,321H14,Region 3,Community 321,1,22,1,3
3,32,322,1,322H01,Region 3,Community 322,2,18,0,0
3,32,322,2,322H02,Region 3,Community 322,1,45,1,3
3,32,322,3,322H03,Region 3,Community 322,2,36,0,0
3,32,322,4,322H04,Region 3,Community 322,1,21,1,1
3,32,322,5,322H05,Region 3,Community 322,2,31,1,3
3,32,322,6,322H06,Region 3,Community 322,2,23,0,0
3,32,322,7,322H07,Region 3,Community 322,1,30,1,2
3,32,322,8,322H08,Region 3,Community 322,1,29,1,2
3,32,322,9,322H09,Region 3,Community 322,1,44,0,0
3,32,322,10,322H10,Region 3,Community 322,2,26,1,2
3,32,322,11,322H11,Region 3,Community 322,1,23,0,0
3,32,322,12,322H12,Region 3,Community 322,1,33,0,0
3,32,323,1,323H01,Region 3,Community 323,2,43,0,0
3,32,323,2,323H02,Region 3,Community 323,1,22,1,2
3,32,323,3,323H03,Region 3,Community 323,2,23,1,1
3,32,323,4,323H04,Region 3,Community 323,2,29,0,0
3,32,323,5,323H05,Region 3,Community 323,2,47,0,0
3,32,323,6,323H06,Region 3,Community 323,1,21,1,2
3,32,323,7,323H07,Region 3,Community 323,2,31,1,1
3,32,323,8,323H08,Region 3,Community 323,2,32,0,0
3,32,323,9,323H09,Region 3,Community 323,1,48,1,2
3,32,324,1,324H01,Region 3,Community 324,1,40,1,1
3,32,324,2,324H02,Region 3,Community 324,2,43,1,1
3,32,324,3,324H03,Region 3,Community 324,2,22,0,0
3,32,324,4,324H04,Region 3,Community 324,2,39,0,0
3,32,324,5,324H05,Region 3,Community 324,1,25,0,0
3,32,325,1,325H01,Region 3,Community 325,1,23,0,0
3,32,325,2,325H02,Region 3,Community 325,1,43,0,0
3,32,325,3,325H03,Region 3,Community 325,2,26,1,3
3,32,325,4,325H04,Region 3,Community 325,2,26,1,1
3,32,325,5,325H05,Region 3,Community 325,1,19,1,2
3,32,325,6,325H06,Region 3,Community 325,1,24,1,3
3,32,325,7,325H07,Region 3,Community 325,1,25,1,2
3,32,325,8,325H08,Region 3,Community 325,2,43,1,3
3,32,325,9,325H09,Region 3,Community 325,1,28,1,1
3,32,326,1,326H01,Region 3,Community 326,2,23,1,1
3,32,326,2,326H02,Region 3,Community 326,1,48,1,2
3,32,326,3,326H03,Region 3,Community 326,2,23,1,2
3,32,326,4,326H04,Region 3,Community 326,2,22,0,0
3,32,326,5,326H05,Region 3,Community 326,2,22,0,0
3,32,327,1,327H01,Region 3,Community 327,1,47,0,0
3,32,327,2,327H02,Region 3,Community 327,1,39,1,1
3,32,327,3,327H03,Region 3,Community 327,2,23,0,0
3,32,327,4,327H04,Region 3,Community 327,2,26,1,2
3,32,327,5,327H05,Region 3,Community 327,2,48,0,0
3,32,327,6,327H06,Region 3,Community 327,1,24,0,0
3,32,327,7,327H07,Region 3,Community 327,1,43,0,0
3,32,327,8,327H08,Region 3,Community 327,2,33,0,0
3,32,327,9,327H09,Region 3,Community 327,2,37,1,3
3,32,327,10,327H10,Region 3,Community 327,2,37,0,0
3,32,327,11,327H11,Region 3,Community 327,2,28,0,0
3,32,327,12,327H12,Region 3,Community 327,2,46,0,0
3,32,327,13,327H13,Region 3,Community 327,2,28,1,3
3,32,328,1,328H01,Region 3,Community 328,1,24,1,2
3,32,328,2,328H02,Region 3,Community 328,1,30,0,0
3,32,328,3,328H03,Region 3,Community 328,2,28,1,3
3,32,328,4,328H04,Region 3,Community 328,2,26,1,1
3,32,328,5,328H05,Region 3,Community 328,1,20,0,0
3,32,328,6,328H06,Region 3,Community 328,2,48,0,0
3,32,328,7,328H07,Region 3,Community 328,1,43,1,2
3,32,328,8,328H08,Region 3,Community 328,2,30,0,0
3,32,328,9,328H09,Region 3,Community 328,1,45,1,2
3,32,328,10,328H10,Region 3,Community 328,1,41,0,0
3,32,328,11,328H11,Region 3,Community 328,2,44,0,0
3,32,328,12,328H12,Region 3,Community 328,2,26,0,0
3,32,329,1,329H01,Region 3,Community 329,2,47,1,1
3,32,329,2,329H02,Region 3,Community 329,1,24,1,1
3,32,329,3,329H03,Region 3,Community 329,1,43,0,0
3,32,329,4,329H04,Region 3,Community 329,1,20,0,0
3,32,329,5,329H05,Region 3,Community 329,1,47,1,3
3,32,329,6,329H06,Region 3,Community 329,2,24,1,2
3,32,329,7,329H07,Region 3,Community 329,1,46,0,0
3,32,329,8,329H08,Region 3,Community 329,1,38,0,0
3,32,329,9,329H09,Region 3,Community 329,2,41,0,0
3,32,329,10,329H10,Region 3,Community 329,2,24,1,2
3,32,329,11,329H11,Region 3,Community 329,2,33,1,1
3,32,329,12,329H12,Region 3,Community 329,2,21,0,0
3,32,329,13,329H13,Region 3,Community 329,1,29,1,3
3,32,329,14,329H14,Region 3,Community 329,2,44,0,0
3,33,331,1,331H01,Region 3,Community 331,2,24,0,0
3,33,331,2,331H02,Region 3,Community 331,2,38,0,0
3,33,331,3,331H03,Region 3,Community 331,2,25,1,2
3,33,331,4,331H04,Region 3,Community 331,1,37,0,0
3,33,331,5,331H05,Region 3,Community 331,1,38,1,2
3,33,331,6,331H06,Region 3,Community 331,1,23,0,0
3,33,331,7,331H07,Region 3,Community 331,1,22,0,0
3,33,331,8,331H08,Region 3,Community 331,1,40,0,0
3,33,332,1,332H01,Region 3,Community 332,1,22,0,0
3,33,332,2,332H02,Region 3,Community 332,2,26,0,0
3,33,332,3,332H03,Region 3,Community 332,2,40,0,0
3,33,332,4,332H04,Region 3,Community 332,2,46,0,0
3,33,332,5,332H05,Region 3,Community 332,1,34,0,0
3,33,332,6,332H06,Region 3,Community 332,2,18,0,0
3,33,332,7,332H07,Region 3,Community 332,2,23,0,0
3,33,332,8,332H08,Region 3,Community 332,2,24,0,0
3,33,332,9,332H09,Region 3,Community 332,2,40,1,1
3,33,332,10,332H10,Region 3,Community 332,1,37,1,3
3,33,332,11,332H11,Region 3,Community 332,1,36,1,2
3,33,332,12,332H12,Region 3,Community 332,1,46,1,2
3,33,332,13,332H13,Region 3,Community 332,1,40,1,2
3,33,332,14,332H14,Region 3,Community 332,2,19,0,0
3,33,332,15,332H15,Region 3,Community 332,2,31,0,0
3,33,333,1,333H01,Region 3,Community 333,2,41,1,2
3,33,333,2,333H02,Region 3,Community 333,2,37,1,1
3,33,333,3,333H03,Region 3,Community 333,2,36,1,1
3,33,333,4,333H04,Region 3,Community 333,2,24,1,2
3,33,333,5,333H05,Region 3,Community 333,2,44,1,3
3,33,333,6,333H06,Region 3,Community 333,2,46,1,3
3,33,333,7,333H07,Region 3,Community 333,1,42,1,1
3,33,333,8,333H08,Region 3,Community 333,2,48,0,0
3,33,333,9,333H09,Region 3,Community 333,1,25,0,0
3,33,333,10,333H10,Region 3,Community 333,1,25,0,0
3,33,333,11,333H11,Region 3,Community 333,1,37,1,3
3,33,333,12,333H12,Region 3,Community 333,1,29,0,0
3,33,333,13,333H13,Region 3,Community 333,2,18,0,0
3,33,333,14,333H14,Region 3,Community 333,1,36,0,0
3,33,333,15,333H15,Region 3,Community 333,2,28,0,0
3,33,333,16,333H16,Region 3,Community 333,2,18,0,0
3,33,333,17,333H17,Region 3,Community 333,2,30,1,1
3,33,333,18,333H18,Region 3,Community 333,1,27,1,2
3,33,333,19,333H19,Region 3,Community 333,1,27,0,0
3,33,333,20,333H20,Region 3,Community 333,2,41,0,0
3,33,333,21,333H21,Region 3,Community 333,2,40,0,0
3,33,334,1,334H01,Region 3,Community 334,2,46,0,0
3,33,334,2,334H02,Region 3,Community 334,2,20,1,2
3,33,334,3,334H03,Region 3,Community 334,1,38,0,0
3,33,334,4,334H04,Region 3,Community 334,2,18,0,0
3,33,334,5,334H05,Region 3,Community 334,2,23,1,1
3,33,334,6,334H06,Region 3,Community 334,2,43,0,0
3,33,334,7,334H07,Region 3,Community 334,2,39,0,0
3,33,334,8,334H08,Region 3,Community 334,1,46,0,0
3,33,334,9,334H09,Region 3,Community 334,2,18,0,0
3,33,334,10,334H10,Region 3,Community 334,1,25,1,2
3,33,335,1,335H01,Region 3,Community 335,1,38,1,1
3,33,335,2,335H02,Region 3,Community 335,1,46,1,3
3,33,335,3,335H03,Region 3,Community 335,1,25,1,3
3,33,335,4,335H04,Region 3,Community 335,1,25,1,2
3,33,335,5,335H05,Region 3,Community 335,1,24,0,0
3,33,335,6,335H06,Region 3,Community 335,2,23,1,3
3,33,335,7,335H07,Region 3,Community 335,1,20,1,3
3,33,335,8,335H08,Region 3,Community 335,2,37,0,0
3,33,335,9,335H09,Region 3,Community 335,1,37,0,0
3,33,336,1,336H01,Region 3,Community 336,2,42,1,3
3,33,336,2,336H02,Region 3,Community 336,2,34,1,3
3,33,336,3,336H03,Region 3,Community 336,1,48,1,2
3,33,336,4,336H04,Region 3,Community 336,1,21,0,0
3,33,336,5,336H05,Region 3,Community 336,1,20,1,2
3,33,336,6,336H06,Region 3,Community 336,2,46,0,0
3,33,336,7,336H07,Region 3,Community 336,2,35,0,0
3,33,336,8,336H08,Region 3,Community 336,1,37,0,0
3,33,336,9,336H09,Region 3,Community 336,2,40,0,0
3,33,336,10,336H10,Region 3,Community 336,2,38,0,0
3,33,336,11,336H11,Region 3,Community 336,2,38,1,2
3,33,336,12,336H12,Region 3,Community 336,2,31,0,0
3,33,336,13,336H13,Region 3,Community 336,2,36,0,0
3,33,336,14,336H14,Region 3,Community 336,1,37,0,0
3,33,337,1,337H01,Region 3,Community 337,2,19,0,0
3,33,337,2,337H02,Region 3,Community 337,2,27,1,1
3,33,337,3,337H03,Region 3,Community 337,2,18,1,1
3,33,337,4,337H04,Region 3,Community 337,1,37,0,0
3,33,337,5,337H05,Region 3,Community 337,1,42,0,0
3,33,337,6,337H06,Region 3,Community 337,2,35,0,0
3,33,337,7,337H07,Region 3,Community 337,1,39,1,1
3,33,337,8,337H08,Region 3,Community 337,2,48,0,0
3,33,337,9,337H09,Region 3,Community 337,1,20,1,2
3,33,337,10,337H10,Region 3,Community 337,1,45,1,3
3,33,338,1,338H01,Region 3,Community 338,2,21,1,3
3,33,338,2,338H02,Region 3,Community 338,1,24,1,1
3,33,338,3,338H03,Region 3,Community 338,1,40,0,0
3,33,338,4,338H04,Region 3,Community 338,1,29,1,2
3,33,338,5,338H05,Region 3,Community 338,2,45,1,2
3,33,339,1,339H01,Region 3,Community 339,1,27,1,3
3,33,339,2,339H02,Region 3,Community 339,1,38,0,0
3,33,339,3,339H03,Region 3,Community 339,1,40,0,0
3,33,339,4,339H04,Region 3,Community 339,2,27,0,0
3,33,339,5,339H05,Region 3,Community 339,1,39,1,2
3,33,339,6,339H06,Region 3,Community 339,2,33,0,0
3,33,339,7,339H07,Region 3,Community 339,1,40,1,1
3,33,339,8,339H08,Region 3,Community 339,1,28,0,0
3,33,339,9,339H09,Region 3,Community 339,1,36,0,0
3,33,339,10,339H10,Region 3,Community 339,1,33,1,2
3,33,339,11,339H11,Region 3,Community 339,1,36,0,0
3,33,339,12,339H12,Region 3,Community 339,1,25,0,0
3,33,339,13,339H13,Region 3,Community 339,1,47,1,1
4,41,411,1,411H01,Region 4,Community 411,1,23,1,3
4,41,411,2,411H02,Region 4,Community 411,1,30,1,3
4,41,411,3,411H03,Region 4,Community 411,1,38,1,3
4,41,411,4,411H04,Region 4,Community 411,2,18,0,0
4,41,411,5,411H05,Region 4,Community 411,2,31,1,2
4,41,411,6,411H06,Region 4,Community 411,1,21,1,2
4,41,411,7,411H07,Region 4,Community 411,2,33,0,0
4,41,411,8,411H08,Region 4,Community 411,1,34,1,2
4,41,411,9,411H09,Region 4,Community 411,2,48,1,2
4,41,411,10,411H10,Region 4,Community 411,2,26,1,1
4,41,411,11,411H11,Region 4,Community 411,2,45,1,3
4,41,411,12,411H12,Region 4,Community 411,1,24,1,3
4,41,411,13,411H13,Region 4,Community 411,2,37,1,2
4,41,411,14,411H14,Region 4,Community 411,2,33,1,1
4,41,411,15,411H15,Region 4,Community 411,1,42,1,2
4,41,412,1,412H01,Region 4,Community 412,1,35,0,0
4,41,412,2,412H02,Region 4,Community 412,2,32,1,2
4,41,412,3,412H03,Region 4,Community 412,1,36,0,0
4,41,412,4,412H04,Region 4,Community 412,2,29,1,1
4,41,412,5,412H05,Region 4,Community 412,1,30,0,0
4,41,412,6,412H06,Region 4,Community 412,1,37,0,0
4,41,412,7,412H07,Region 4,Community 412,1,37,0,0
4,41,412,8,412H08,Region 4,Community 412,2,31,0,0
4,41,412,9,412H09,Region 4,Community 412,2,39,0,0
4,41,413,1,413H01,Region 4,Community 413,2,35,0,0
4,41,413,2,413H02,Region 4,Community 413,1,47,0,0
4,41,413,3,413H03,Region 4,Community 413,1,26,1,2
4,41,413,4,413H04,Region 4,Community 413,2,44,0,0
4,41,413,5,413H05,Region 4,Community 413,2,28,0,0
4,41,413,6,413H06,Region 4,Community 413,1,26,0,0
4,41,413,7,413H07,Region 4,Community 413,1,20,1,3
4,41,413,8,413H08,Region 4,Community 413,2,24,1,1
4,41,413,9,413H09,Region 4,Community 413,2,38,0,0
4,41,413,10,413H10,Region 4,Community 413,1,32,0,0
4,41,413,11,413H11,Region 4,Community 413,2,45,1,3
4,41,413,12,413H12,Region 4,Community 413,2,23,0,0
4,41,413,13,413H13,Region 4,Community 413,2,33,0,0
4,41,413,14,413H14,Region 4,Community 413,2,35,0,0
4,41,414,1,414H01,Region 4,Community 414,1,32,1,1
4,41,414,2,414H02,Region 4,Community 414,2,41,0,0
4,41,414,3,414H03,Region 4,Community 414,1,34,1,3
4,41,414,4,414H04,Region 4,Community 414,1,30,1,2
4,41,414,5,414H05,Region 4,Community 414,2,32,0,0
4,41,414,6,414H06,Region 4,Community 414,2,48,0,0
4,41,414,7,414H07,Region 4,Community 414,2,34,0,0
4,41,414,8,414H08,Region 4,Community 414,1,41,0,0
4,41,414,9,414H09,Region 4,Community 414,2,35,0,0
4,41,414,10,414H10,Region 4,Community 414,1,41,0,0
4,41,415,1,415H01,Region 4,Community 415,1,21,0,0
4,41,415,2,415H02,Region 4,Community 415,1,23,1,1
4,41,415,3,415H03,Region 4,Community 415,1,27,1,2
4,41,415,4,415H04,Region 4,Community 415,2,41,1,1
4,41,415,5,415H05,Region 4,Community 415,2,48,1,3
4,41,415,6,415H06,Region 4,Community 415,2,33,0,0
4,41,415,7,415H07,Region 4,Community 415,1,21,0,0
4,41,415,8,415H08,Region 4,Community 415,2,47,1,2
4,41,416,1,416H01,Region 4,Community 416,2,21,1,3
4,41,416,2,416H02,Region 4,Community 416,1,23,0,0
4,41,416,3,416H03,Region 4,Community 416,1,29,0,0
4,41,416,4,416H04,Region 4,Community 416,1,31,1,3
4,41,416,5,416H05,Region 4,Community 416,1,34,1,2
4,41,416,6,416H06,Region 4,Community 416,2,36,1,3
4,41,416,7,416H07,Region 4,Community 416,1,27,1,3
4,41,416,8,416H08,Region 4,Community 416,1,36,1,3
4,41,416,9,416H09,Region 4,Community 416,1,36,1,2
4,41,416,10,416H10,Region 4,Community 416,1,45,1,3
4,41,416,11,416H11,Region 4,Community 416,1,28,0,0
4,41,416,12,416H12,Region 4,Community 416,2,23,0,0
4,41,416,13,416H13,Region 4,Community 416,2,41,1,1
4,41,416,14,416H14,Region 4,Community 416,1,38,1,2
4,41,416,15,416H15,Region 4,Community 416,2,44,0,0
4,41,416,16,416H16,Region 4,Community 416,2,32,0,0
4,41,417,1,417H01,Region 4,Community 417,2,33,0,0
4,41,417,2,417H02,Region 4,Community 417,1,37,1,3
4,41,417,3,417H03,Region 4,Community 417,2,29,0,0
4,41,417,4,417H04,Region 4,Community 417,1,18,0,0
4,41,417,5,417H05,Region 4,Community 417,2,22,0,0
4,41,417,6,417H06,Region 4,Community 417,1,36,0,0
4,41,417,7,417H07,Region 4,Community 417,1,32,1,2
4,41,417,8,417H08,Region 4,Community 417,2,32,0,0
4,41,417,9,417H09,Region 4,Community 417,1,42,1,1
4,41,417,10,417H10,Region 4,Community 417,2,44,1,3
4,41,417,11,417H11,Region 4,Community 417,2,46,0,0
4,41,418,1,418H01,Region 4,Community 418,1,31,1,2
4,41,418,2,418H02,Region 4,Community 418,2,43,1,2
4,41,418,3,418H03,Region 4,Community 418,1,22,0,0
4,41,418,4,418H04,Region 4,Community 418,1,23,0,0
4,41,418,5,418H05,Region 4,Community 418,2,30,1,2
4,41,418,6,418H06,Region 4,Community 418,2,19,0,0
4,41,418,7,418H07,Region 4,Community 418,2,47,1,3
4,41,418,8,418H08,Region 4,Community 418,1,30,0,0
4,41,418,9,418H09,Region 4,Community 418,2,47,1,1
4,41,418,10,418H10,Region 4,Community 418,1,48,0,0
4,41,418,11,418H11,Region 4,Community 418,1,21,1,3
4,41,418,12,418H12,Region 4,Community 418,2,28,1,3
4,41,419,1,419H01,Region 4,Community 419,2,46,1,1
4,41,419,2,419H02,Region 4,Community 419,1,40,0,0
4,41,419,3,419H03,Region 4,Community 419,1,41,0,0
4,41,419,4,419H04,Region 4,Community 419,1,36,0,0
4,41,419,5,419H05,Region 4,Community 419,2,45,1,3
4,41,419,6,419H06,Region 4,Community 419,2,24,0,0
4,41,419,7,419H07,Region 4,Community 419,1,48,0,0
4,41,419,8,419H08,Region 4,Community 419,2,41,0,0
4,41,419,9,419H09,Region 4,Community 419,1,36,1,3
4,42,421,1,421H01,Region 4,Community 421,2,47,1,1
4,42,421,2,421H02,Region 4,Community 421,1,45,0,0
4,42,421,3,421H03,Region 4,Community 421,2,21,0,0
4,42,421,4,421H04,Region 4,Community 421,1,44,0,0
4,42,421,5,421H05,Region 4,Community 421,2,27,1,1
4,42,421,6,421H06,Region 4,Community 421,2,35,0,0
4,42,421,7,421H07,Region 4,Community 421,2,25,1,1
4,42,421,8,421H08,Region 4,Community 421,2,37,1,2
4,42,421,9,421H09,Region 4,Community 421,2,40,1,2
4,42,422,1,422H01,Region 4,Community 422,1,22,0,0
4,42,422,2,422H02,Region 4,Community 422,1,19,1,2
4,42,422,3,422H03,Region 4,Community 422,1,21,0,0
4,42,422,4,422H04,Region 4,Community 422,2,38,1,1
4,42,422,5,422H05,Region 4,Community 422,2,42,0,0
4,42,422,6,422H06,Region 4,Community 422,2,18,0,0
4,42,422,7,422H07,Region 4,Community 422,2,23,0,0
4,42,422,8,422H08,Region 4,Community 422,2,32,1,2
4,42,422,9,422H09,Region 4,Community 422,2,21,1,2
4,42,422,10,422H10,Region 4,Community 422,1,21,0,0
4,42,422,11,422H11,Region 4,Community 422,2,31,0,0
4,42,422,12,422H12,Region 4,Community 422,1,19,0,0
4,42,422,13,422H13,Region 4,Community 422,2,20,0,0
4,42,422,14,422H14,Region 4,Community 422,1,21,1,3
4,42,422,15,422H15,Region 4,Community 422,1,30,0,0
4,42,422,16,422H16,Region 4,Community 422,2,18,0,0
4,42,422,17,422H17,Region 4,Community 422,1,39,0,0
4,42,422,18,422H18,Region 4,Community 422,1,29,0,0
4,42,422,19,422H19,Region 4,Community 422,1,35,0,0
4,42,422,20,422H20,Region 4,Community 422,1,34,1,1
4,42,422,21,422H21,Region 4,Community 422,1,26,1,1
4,42,423,1,423H01,Region 4,Community 423,2,40,1,1
4,42,423,2,423H02,Region 4,Community 423,1,18,0,0
4,42,423,3,423H03,Region 4,Community 423,1,20,1,2
4,42,423,4,423H04,Region 4,Community 423,2,22,1,2
4,42,423,5,423H05,Region 4,Community 423,1,43,1,3
4,42,423,6,423H06,Region 4,Community 423,1,24,0,0
4,42,423,7,423H07,Region 4,Community 423,1,28,1,2
4,42,423,8,423H08,Region 4,Community 423,2,44,1,2
4,42,423,9,423H09,Region 4,Community 423,1,26,0,0
4,42,423,10,423H10,Region 4,Community 423,1,39,1,1
4,42,423,11,423H11,Region 4,Community 423,1,47,0,0
4,42,423,12,423H12,Region 4,Community 423,2,27,1,1
4,42,423,13,423H13,Region 4,Community 423,2,42,1,1
4,42,423,14,423H14,Region 4,Community 423,2,24,0,0
4,42,424,1,424H01,Region 4,Community 424,2,20,0,0
4,42,424,2,424H02,Region 4,Community 424,1,40,1,3
4,42,424,3,424H03,Region 4,Community 424,2,38,1,2
4,42,424,4,424H04,Region 4,Community 424,1,42,1,3
4,42,424,5,424H05,Region 4,Community 424,1,24,1,2
4,42,424,6,424H06,Region 4,Community 424,2,35,0,0
4,42,424,7,424H07,Region 4,Community 424,2,20,0,0
4,42,424,8,424H08,Region 4,Community 424,1,22,1,3
4,42,424,9,424H09,Region 4,Community 424,2,33,1,2
4,42,424,10,424H10,Region 4,Community 424,2,41,1,3
4,42,424,11,424H11,Region 4,Community 424,1,46,0,0
4,42,425,1,425H01,Region 4,Community 425,2,34,1,1
4,42,425,2,425H02,Region 4,Community 425,2,20,0,0
4,42,425,3,425H03,Region 4,Community 425,1,24,1,3
4,42,425,4,425H04,Region 4,Community 425,1,34,0,0
4,42,425,5,425H05,Region 4,Community 425,1,30,0,0
4,42,425,6,425H06,Region 4,Community 425,1,42,1,2
4,42,425,7,425H07,Region 4,Community 425,1,27,0,0
4,42,425,8,425H08,Region 4,Community 425,1,37,1,3
4,42,425,9,425H09,Region 4,Community 425,2,18,0,0
4,42,425,10,425H10,Region 4,Community 425,2,25,0,0
4,42,425,11,425H11,Region 4,Community 425,2,27,0,0
4,42,425,12,425H12,Region 4,Community 425,1,31,0,0
4,42,425,13,425H13,Region 4,Community 425,1,24,1,3
4,42,425,14,425H14,Region 4,Community 425,2,23,0,0
4,42,426,1,426H01,Region 4,Community 426,2,36,1,1
4,42,426,2,426H02,Region 4,Community 426,1,39,1,2
4,42,426,3,426H03,Region 4,Community 426,2,22,1,1
4,42,426,4,426H04,Region 4,Community 426,2,42,1,2
4,42,426,5,426H05,Region 4,Community 426,1,29,1,1
4,42,426,6,426H06,Region 4,Community 426,1,45,0,0
4,42,426,7,426H07,Region 4,Community 426,2,35,1,3
4,42,427,1,427H01,Region 4,Community 427,1,43,1,2
4,42,427,2,427H02,Region 4,Community 427,1,48,0,0
4,42,427,3,427H03,Region 4,Community 427,2,26,1,3
4,42,427,4,427H04,Region 4,Community 427,1,26,1,3
4,42,427,5,427H05,Region 4,Community 427,2,24,1,2
4,42,427,6,427H06,Region 4,Community 427,2,27,0,0
4,42,427,7,427H07,Region 4,Community 427,2,21,1,3
4,42,427,8,427H08,Region 4,Community 427,1,39,1,2
4,42,427,9,427H09,Region 4,Community 427,1,48,1,3
4,42,427,10,427H10,Region 4,Community 427,1,32,1,3
4,42,427,11,427H11,Region 4,Community 427,2,18,1,1
4,42,427,12,427H12,Region 4,Community 427,1,24,0,0
4,42,427,13,427H13,Region 4,Community 427,2,36,0,0
4,42,428,1,428H01,Region 4,Community 428,2,39,0,0
4,42,428,2,428H02,Region 4,Community 428,2,48,1,1
4,42,428,3,428H03,Region 4,Community 428,2,40,1,1
4,42,428,4,428H04,Region 4,Community 428,2,36,1,3
4,42,428,5,428H05,Region 4,Community 428,2,20,1,3
4,42,428,6,428H06,Region 4,Community 428,2,18,1,1
4,42,428,7,428H07,Region 4,Community 428,2,44,0,0
4,42,428,8,428H08,Region 4,Community 428,1,23,1,1
4,42,428,9,428H09,Region 4,Community 428,2,38,1,3
4,42,428,10,428H10,Region 4,Community 428,1,23,0,0
4,42,428,11,428H11,Region 4,Community 428,2,18,1,2
4,42,428,12,428H12,Region 4,Community 428,2,19,0,0
4,42,429,1,429H01,Region 4,Community 429,1,44,0,0
4,42,429,2,429H02,Region 4,Community 429,1,41,1,2
4,42,429,3,429H03,Region 4,Community 429,2,22,1,1
4,42,429,4,429H04,Region 4,Community 429,1,21,0,0
4,42,429,5,429H05,Region 4,Community 429,1,40,0,0
4,42,429,6,429H06,Region 4,Community 429,2,26,1,2
4,42,429,7,429H07,Region 4,Community 429,2,18,1,2
4,42,429,8,429H08,Region 4,Community 429,1,27,1,1
4,42,429,9,429H09,Region 4,Community 429,1,48,1,2
4,43,431,1,431H01,Region 4,Community 431,2,22,0,0
4,43,431,2,431H02,Region 4,Community 431,2,19,1,3
4,43,431,3,431H03,Region 4,Community 431,1,48,0,0
4,43,431,4,431H04,Region 4,Community 431,2,42,1,2
4,43,431,5,431H05,Region 4,Community 431,1,43,1,2
4,43,431,6,431H06,Region 4,Community 431,2,43,1,2
4,43,431,7,431H07,Region 4,Community 431,1,46,0,0
4,43,431,8,431H08,Region 4,Community 431,2,28,1,3
4,43,431,9,431H09,Region 4,Community 431,2,41,1,1
4,43,431,10,431H10,Region 4,Community 431,1,44,1,3
4,43,431,11,431H11,Region 4,Community 431,2,35,1,1
4,43,432,1,432H01,Region 4,Community 432,2,19,1,3
4,43,432,2,432H02,Region 4,Community 432,1,24,1,1
4,43,432,3,432H03,Region 4,Community 432,2,45,1,2
4,43,432,4,432H04,Region 4,Community 432,1,22,1,1
4,43,432,5,432H05,Region 4,Community 432,1,48,0,0
4,43,432,6,432H06,Region 4,Community 432,1,25,1,3
4,43,432,7,432H07,Region 4,Community 432,2,22,0,0
4,43,432,8,432H08,Region 4,Community 432,2,44,1,1
4,43,432,9,432H09,Region 4,Community 432,1,38,1,3
4,43,432,10,432H10,Region 4,Community 432,1,23,0,0
4,43,432,11,432H11,Region 4,Community 432,1,39,0,0
4,43,432,12,432H12,Region 4,Community 432,2,19,0,0
4,43,432,13,432H13,Region 4,Community 432,2,21,0,0
4,43,432,14,432H14,Region 4,Community 432,1,47,0,0
4,43,432,15,432H15,Region 4,Community 432,1,38,1,1
4,43,433,1,433H01,Region 4,Community 433,1,40,1,1
4,43,433,2,433H02,Region 4,Community 433,1,21,0,0
4,43,433,3,433H03,Region 4,Community 433,2,46,1,1
4,43,433,4,433H04,Region 4,Community 433,1,26,0,0
4,43,433,5,433H05,Region 4,Community 433,2,40,0,0
4,43,433,6,433H06,Region 4,Community 433,2,45,1,1
4,43,433,7,433H07,Region 4,Community 433,2,41,1,3
4,43,433,8,433H08,Region 4,Community 433,1,25,0,0
4,43,433,9,433H09,Region 4,Community 433,1,19,0,0
4,43,433,10,433H10,Region 4,Community 433,2,44,0,0
4,43,433,11,433H11,Region 4,Community 433,1,29,1,3
4,43,434,1,434H01,Region 4,Community 434,2,27,1,2
4,43,434,2,434H02,Region 4,Community 434,2,25,1,2
4,43,434,3,434H03,Region 4,Community 434,1,27,0,0
4,43,434,4,434H04,Region 4,Community 434,2,27,0,0
4,43,434,5,434H05,Region 4,Community 434,1,22,1,2
4,43,434,6,434H06,Region 4,Community 434,1,48,1,3
4,43,434,7,434H07,Region 4,Community 434,1,37,0,0
4,43,434,8,434H08,Region 4,Community 434,1,36,0,0
4,43,434,9,434H09,Region 4,Community 434,1,39,1,3
4,43,434,10,434H10,Region 4,Community 434,1,48,1,3
4,43,434,11,434H11,Region 4,Community 434,1,34,1,2
4,43,434,12,434H12,Region 4,Community 434,1,28,0,0
4,43,435,1,435H01,Region 4,Community 435,2,25,1,3
4,43,435,2,435H02,Region 4,Community 435,2,43,0,0
4,43,435,3,435H03,Region 4,Community 435,2,37,0,0
4,43,435,4,435H04,Region 4,Community 435,1,48,0,0
4,43,435,5,435H05,Region 4,Community 435,1,35,1,1
4,43,435,6,435H06,Region 4,Community 435,2,18,1,1
4,43,435,7,435H07,Region 4,Community 435,2,39,1,1
4,43,435,8,435H08,Region 4,Community 435,1,31,1,1
4,43,435,9,435H09,Region 4,Community 435,2,47,0,0
4,43,435,10,435H10,Region 4,Community 435,1,35,1,3
4,43,435,11,435H11,Region 4,Community 435,2,47,0,0
4,43,435,12,435H12,Region 4,Community 435,2,23,1,1
4,43,435,13,435H13,Region 4,Community 435,2,26,0,0
4,43,435,14,435H14,Region 4,Community 435,2,31,0,0
4,43,436,1,436H01,Region 4,Community 436,1,31,0,0
4,43,436,2,436H02,Region 4,Community 436,2,24,0,0
4,43,436,3,436H03,Region 4,Community 436,1,32,0,0
4,43,436,4,436H04,Region 4,Community 436,1,27,0,0
4,43,436,5,436H05,Region 4,Community 436,2,34,1,1
4,43,436,6,436H06,Region 4,Community 436,1,35,1,1
4,43,436,7,436H07,Region 4,Community 436,2,41,1,3
4,43,436,8,436H08,Region 4,Community 436,1,42,1,3
4,43,436,9,436H09,Region 4,Community 436,1,46,1,3
4,43,436,10,436H10,Region 4,Community 436,2,37,1,3
4,43,436,11,436H11,Region 4,Community 436,2,31,0,0
4,43,437,1,437H01,Region 4,Community 437,2,22,0,0
4,43,437,2,437H02,Region 4,Community 437,1,30,0,0
4,43,437,3,437H03,Region 4,Community 437,1,42,0,0
4,43,437,4,437H04,Region 4,Community 437,2,45,0,0
4,43,437,5,437H05,Region 4,Community 437,1,26,0,0
4,43,437,6,437H06,Region 4,Community 437,1,38,0,0
4,43,437,7,437H07,Region 4,Community 437,1,38,0,0
4,43,437,8,437H08,Region 4,Community 437,2,37,1,3
4,43,437,9,437H09,Region 4,Community 437,1,28,0,0
4,43,437,10,437H10,Region 4,Community 437,1,30,1,1
4,43,437,11,437H11,Region 4,Community 437,1,46,1,1
4,43,438,1,438H01,Region 4,Community 438,2,38,1,1
4,43,438,2,438H02,Region 4,Community 438,1,34,1,2
4,43,438,3,438H03,Region 4,Community 438,1,40,0,0
4,43,438,4,438H04,Region 4,Community 438,2,29,1,2
4,43,438,5,438H05,Region 4,Community 438,2,44,0,0
4,43,438,6,438H06,Region 4,Community 438,1,21,0,0
4,43,438,7,438H07,Region 4,Community 438,1,26,0,0
4,43,438,8,438H08,Region 4,Community 438,2,38,0,0
4,43,438,9,438H09,Region 4,Community 438,2,28,0,0
4,43,438,10,438H10,Region 4,Community 438,2,40,1,3
4,43,438,11,438H11,Region 4,Community 438,2,47,0,0
4,43,439,1,439H01,Region 4,Community 439,2,23,1,1
4,43,439,2,439H02,Region 4,Community 439,2,41,1,2
4,43,439,3,439H03,Region 4,Community 439,2,31,0,0
4,43,439,4,439H04,Region 4,Community 439,2,23,0,0
4,43,439,5,439H05,Region 4,Community 439,1,28,0,0
4,43,439,6,439H06,Region 4,Community 439,1,35,1,2
4,43,439,7,439H07,Region 4,Community 439,2,22,1,2
4,43,439,8,439H08,Region 4,Community 439,2,41,0,0
4,43,439,9,439H09,Region 4,Community 439,2,24,0,0
4,43,439,10,439H10,Region 4,Community 439,2,47,1,1
4,43,439,11,439H11,Region 4,Community 439,2,21,0,0
4,43,439,12,439H12,Region 4,Community 439,1,19,1,2
4,43,439,13,439H13,Region 4,Community 439,2,19,1,1
4,43,439,14,439H14,Region 4,Community 439,1,20,0,0
4,43,439,15,439H15,Region 4,Community 439,2,24,0,0
4,43,439,16,439H16,Region 4,Community 439,2,27,0,0
